{"cameraMode":{"drawMode":0,"name":"Shaded","section":"Shading Mode"},"sceneLighting":true,"audioPlay":false,"sceneViewState":{"showFog":true,"showMaterialUpdate":false,"showSkybox":true,"showFlares":true,"showImageEffects":true,"showParticleSystems":true},"in2DMode":false,"pivot":{"x":581.2818603515625,"y":-0.5729408264160156,"z":146.73831176757813},"rotation":{"x":-0.04812432825565338,"y":0.9237898588180542,"z":-0.3591650426387787,"w":-0.12378068268299103},"size":6.506406307220459,"orthographic":false}