{"cameraMode":{"drawMode":0,"name":"Shaded","section":"Shading Mode"},"sceneLighting":true,"audioPlay":false,"sceneViewState":{"showFog":true,"showMaterialUpdate":false,"showSkybox":true,"showFlares":true,"showImageEffects":true,"showParticleSystems":true},"in2DMode":false,"pivot":{"x":583.821044921875,"y":-0.9533383846282959,"z":156.07566833496095},"rotation":{"x":0.1884973645210266,"y":0.8108081817626953,"z":-0.3726488947868347,"w":0.41013097763061526},"size":3.198754072189331,"orthographic":false}